Search Query,Name,Phone,Website,Email,City,Category,Address
"Auto body shop in Palmer, MA",Baldyga Inc,14132839515.0,http://baldautobody.com/,,"Palmer, MA",Auto body shop,
"Auto body shop in Palmer, MA",Complete Auto Repair,14135960120.0,,,"Palmer, MA",Auto body shop,
"Auto body shop in Palmer, MA",O'Connor Auto Body,14132833751.0,,,"Palmer, MA",Auto body shop,
"Auto body shop in Palmer, MA",Demore's Automotive,14132132479.0,http://www.demoresautomotive.com/,,"Palmer, MA",Auto body shop,
"Auto body shop in Palmer, MA",NESCO SALES INC,14132836403.0,http://nescosalesautobody.com/,,"Palmer, MA",Auto body shop,
"Auto body shop in Palmer, MA",Trackside Truck Auto and Equipment,14132834846.0,http://tracksidetruckandauto.com/,,"Palmer, MA",Auto body shop,
"Auto body shop in Palmer, MA",Les's Auto Center,14132834488.0,,,"Palmer, MA",Auto body shop,
"Auto body shop in Palmer, MA",Cruz Automotive Inc.,14133060010.0,,,"Palmer, MA",Auto body shop,
"Auto body shop in Palmer, MA",Kopec's Auto & Truck Service,14132831600.0,http://www.facebook.com/kopecsauto,kopecsautoandtruck@gmail.com,"Palmer, MA",Auto body shop,
"Auto body shop in Palmer, MA",Scott's Auto Body,14139677300.0,,,"Palmer, MA",Auto body shop,
"Auto body shop in Palmer, MA",Don's Auto Body,14139679410.0,,,"Palmer, MA",Auto body shop,
"Auto body shop in Palmer, MA",Bertera Chevrolet Service,14132844712.0,https://www.berterachevy.com/service/service-center.htm?utm_source=gbp-service&utm_medium=gbp-service-link&utm_campaign=chevy&utm_id=TQ,"jhogan@berterachevy.com, brian@berterachevy.com, DBRUST@berterachevy.com","Palmer, MA",Auto body shop,
"Auto body shop in Palmer, MA",Finesse Garage and Fabrication,14133484551.0,,,"Palmer, MA",Auto body shop,
"Auto body shop in Palmer, MA",Robin's Auto Body,14132836220.0,,,"Palmer, MA",Auto body shop,
"Auto repair shop in Palmer, MA",Main Street Tire & Auto,14132834846.0,http://tracksidetruckandauto.com/,,"Palmer, MA",Auto repair shop,
"Auto repair shop in Palmer, MA",A Plus Transmission & Auto Repair,14132839971.0,,,"Palmer, MA",Auto repair shop,
"Auto repair shop in Palmer, MA",Cruz Automotive Inc.,14132839971.0,,,"Palmer, MA",Auto repair shop,
"Auto repair shop in Palmer, MA",Mark Gilbert's Auto Repair,14132834430.0,,,"Palmer, MA",Auto repair shop,
"Auto repair shop in Palmer, MA",Eric's Repair,14132844712.0,https://www.berterachevy.com/service/service-center.htm?utm_source=gbp-service&utm_medium=gbp-service-link&utm_campaign=chevy&utm_id=TQ,"jhogan@berterachevy.com, brian@berterachevy.com, DBRUST@berterachevy.com","Palmer, MA",Auto repair shop,
"Auto repair shop in Palmer, MA",Apple Automotive,14132834496.0,,,"Palmer, MA",Auto repair shop,
"Auto repair shop in Palmer, MA","Steer-Rite, Inc.",14132834496.0,,,"Palmer, MA",Auto repair shop,
"Auto repair shop in Palmer, MA",Elite Transmissions,14132838593.0,https://www.mastroianniautosales.com/,,"Palmer, MA",Auto repair shop,
"Auto repair shop in Palmer, MA",Racicot service & repair,14132838593.0,https://www.mastroianniautosales.com/,,"Palmer, MA",Auto repair shop,
"Auto repair shop in Palmer, MA",Service Connection,14132838593.0,https://www.mastroianniautosales.com/,,"Palmer, MA",Auto repair shop,
"Warehouse in Palmer, MA",Maple Leaf Distribution Services,14132832971.0,https://sulco-lancer.com/about-sulco-lancer-warehousing-logistics/maple-leaf-distribution-services/,tamalfa@sulco-lancer.com,"Palmer, MA",Warehouse,
"Warehouse in Palmer, MA",Quantix Gibbs Railyard,,,,"Palmer, MA",Warehouse,
"Warehouse in Palmer, MA",KSM Enterprises - Warehouse 1/Createk,,,,"Palmer, MA",Warehouse,
"Warehouse in Palmer, MA",Ocean State Job Lot,,,,"Palmer, MA",Warehouse,
"Warehouse in Palmer, MA",Palmer Package Store Inc,,,,"Palmer, MA",Warehouse,
"Warehouse in Palmer, MA",Bakers Self Storage,,,,"Palmer, MA",Warehouse,
"Warehouse in Palmer, MA",Phillips packaging,14132891070.0,http://phillips-packaging.com/,"team@latofonts.com, impallari@gmail.com","Palmer, MA",Warehouse,
"Warehouse in Palmer, MA",Apple Self Storage,14132835408.0,https://www.appleselfstorage.net/,aom_labonte@yahoo.com,"Palmer, MA",Warehouse,
"Warehouse in Palmer, MA",Prime Distribution Services,14132835408.0,https://www.appleselfstorage.net/,aom_labonte@yahoo.com,"Palmer, MA",Warehouse,
"Warehouse in Palmer, MA",Cumberland Farms,14132899849.0,,,"Palmer, MA",Warehouse,
"Warehouse in Palmer, MA",Iberia Foods,14132899809.0,,,"Palmer, MA",Warehouse,
"Warehouse in Palmer, MA",527 Candle Co.,,https://www.527candleco.com/,,"Palmer, MA",Warehouse,
"Warehouse in Palmer, MA",Sulco Warehousing & Logistics,14137394880.0,https://sulco-lancer.com/,,"Palmer, MA",Warehouse,
"Warehouse in Palmer, MA","Crown Packaging Corp. - Boston, Massachusetts Office",14133131043.0,https://crownpack.com/store/boston-massachusetts/,,"Palmer, MA",Warehouse,
"Warehouse in Palmer, MA",Big Y,14132836918.0,https://www.bigy.com/store-locator/1180-thorndike-street-rt-32-20?utm_source=google&utm_medium=googlemybusiness&utm_campaign=organicsearch&utm_term=sr-dec-06-23&utm_content=awareness-gmbprofile-20,,"Palmer, MA",Warehouse,
"Warehouse in Palmer, MA",La Bonte's Self Storage,14132834496.0,,,"Palmer, MA",Warehouse,
"Warehouse in Palmer, MA",Sherwood Lumber Corporation,14132899849.0,,,"Palmer, MA",Warehouse,
"Warehouse in Palmer, MA",Palmer Antiques Co-Op,14132833373.0,http://www.facebook.com/PalmerAntique,palmerantiquescoop@comcast.net,"Palmer, MA",Warehouse,
"Auto body shop in Springfield, MA",Rick's Auto Body,14135433368.0,http://www.ricksauto-body.com/,,"Springfield, MA",Auto body shop,
"Auto body shop in Springfield, MA",Mass Collision Auto Body,14132858106.0,,,"Springfield, MA",Auto body shop,
"Auto body shop in Springfield, MA",AUTO WERKS,14137834200.0,,,"Springfield, MA",Auto body shop,
"Auto body shop in Springfield, MA",Collision Plus Auto Body,14135434168.0,,,"Springfield, MA",Auto body shop,
"Auto body shop in Springfield, MA",The Body Shop,14137337769.0,,,"Springfield, MA",Auto body shop,
"Auto body shop in Springfield, MA",Mastroianni's Auto Body,14137339477.0,http://www.mastroautobody.com/,"your@email.com, mastroianni387@comcast.net","Springfield, MA",Auto body shop,
"Auto body shop in Springfield, MA",Oliver Auto Body,14137365481.0,https://www.vivecollision.com/shop/oliverautobodyspringfield/,info@oliverautobodyco.com,"Springfield, MA",Auto body shop,
"Auto body shop in Springfield, MA",Balise Collision Repair,14137365481.0,https://www.vivecollision.com/shop/oliverautobodyspringfield/,info@oliverautobodyco.com,"Springfield, MA",Auto body shop,
"Auto body shop in Springfield, MA",George's Auto Body Inc,14137339193.0,,,"Springfield, MA",Auto body shop,
"Auto body shop in Springfield, MA",Greg's Car Care,14137335361.0,,,"Springfield, MA",Auto body shop,
"Auto body shop in Springfield, MA",Mjs Auto Collision,14137993944.0,https://www.facebook.com/MJs-Auto-Collision-2298972153703212,,"Springfield, MA",Auto body shop,
"Auto body shop in Springfield, MA",T&J Auto Body Co.,14135834026.0,https://www.tandjautobodyludlowma.com/,,"Springfield, MA",Auto body shop,
"Auto body shop in Springfield, MA",Maaco Auto Body Shop & Painting,14133513554.0,https://www.maaco.com/locations/ma/west-springfield-11269/?utm_source=google&utm_medium=organic&utm_campaign=gbp_website,,"Springfield, MA",Auto body shop,
"Auto body shop in Springfield, MA",Miranda Auto Body,14137362288.0,http://www.mirandaautobody.com/,,"Springfield, MA",Auto body shop,
"Auto body shop in Springfield, MA",Balise Collision Repair,14137851800.0,https://balisecollision.com/west-springfield-ma/?utm_source=GMBlisting&utm_medium=organic,dicky@mediaresults.com,"Springfield, MA",Auto body shop,
"Auto body shop in Springfield, MA",The Frame Shop by Les,14132625791.0,,,"Springfield, MA",Auto body shop,
"Auto body shop in Springfield, MA",Fuller Auto Body,14137332534.0,https://www.facebook.com/Fuller-Auto-Body-Inc-989143147768507,,"Springfield, MA",Auto body shop,
"Auto body shop in Springfield, MA",Robert's Auto Body,14135890822.0,https://robertsautobodysales.com/,contact@robertsautobodysales.com,"Springfield, MA",Auto body shop,
"Auto body shop in Springfield, MA",Arnold's Auto Body Services,14137399046.0,http://www.arnoldsautobody.com/,,"Springfield, MA",Auto body shop,
"Auto body shop in Springfield, MA",Keinath Auto Body,14137399046.0,http://www.arnoldsautobody.com/,,"Springfield, MA",Auto body shop,
"Auto repair shop in Palmer, MA",Main Street Tire & Auto,14132836663.0,http://www.mainstreettires.com/,,"Palmer, MA",Auto repair shop,
"Warehouse in Palmer, MA",Ocean State Job Lot,14132835018.0,https://www.oceanstatejoblot.com/store-locator/massachusetts/palmer/234/?utm_source=google&utm_medium=gmb-listing&utm_campaign=gmb-listing=&utm_content=234,,"Palmer, MA",Warehouse,
"Warehouse in Palmer, MA",Palmer Package Store Inc,14132836261.0,,,"Palmer, MA",Warehouse,
"Warehouse in Palmer, MA",Bakers Self Storage,14132833571.0,,,"Palmer, MA",Warehouse,
"Auto body shop in Springfield, MA",Balise Collision Repair,14137328702.0,https://balisecollision.com/springfield-ma/?utm_source=GMBlisting&utm_medium=organic,dicky@mediaresults.com,"Springfield, MA",Auto body shop,
"Auto repair shop in Springfield, MA","Spartan Auto Care Center (Springfield, MA)",14137812480.0,http://spartanautocarema.com/,,"Springfield, MA",Auto repair shop,
"Auto repair shop in Springfield, MA",NJB Auto Repair,14133061433.0,http://njbautorepair.com/,filler@godaddy.com,"Springfield, MA",Auto repair shop,
"Auto repair shop in Springfield, MA",Bing's Foreign Auto Service,14137398641.0,http://www.bingsforeignauto.com/,,"Springfield, MA",Auto repair shop,
"Auto repair shop in Springfield, MA",Precision Auto Repair,14133630306.0,https://www.precisionautorepair.biz/,"dd0a55ccb8124b9c9d938e3acf41f8aa@sentry.wixpress.com, 18d2f96d279149989b95faf0a4b41882@sentry-next.wixpress.com, c183baa23371454f99f417f6616b724d@sentry.wixpress.com","Springfield, MA",Auto repair shop,
"Auto repair shop in Springfield, MA",Lyndale Garage,14137323750.0,http://www.lyndalegarage.net/,,"Springfield, MA",Auto repair shop,
"Auto repair shop in Springfield, MA",Mike's Auto Service & Repair,14134205330.0,http://www.mikesautoservicerepair.com/,Info@mikesautoservicerepair.com,"Springfield, MA",Auto repair shop,
"Auto repair shop in Springfield, MA","Tech Auto Service, Inc.",14137816233.0,https://www.techautoserviceinc.com/,,"Springfield, MA",Auto repair shop,
"Auto repair shop in Springfield, MA",BOSTON RD SERVICE,14137837161.0,,,"Springfield, MA",Auto repair shop,
"Warehouse in Springfield, MA",Big Y Distribution Center,14135044000.0,https://www.bigy.com/,,"Springfield, MA",Warehouse,
"Warehouse in Springfield, MA",Smithfield,,,,"Springfield, MA",Warehouse,
"Warehouse in Springfield, MA","Falvey Linen Supply, Inc",18003384334.0,http://www.falveylinen.com/,,"Springfield, MA",Warehouse,
"Warehouse in Springfield, MA",Sulco Warehouse,14135363687.0,,,"Springfield, MA",Warehouse,
"Warehouse in Springfield, MA",Friendly Mfg & Retail,,,,"Springfield, MA",Warehouse,
"Warehouse in Springfield, MA",Pioneer Cold Logistic Services,14137361976.0,https://www.pioneercold.com/,Sales@PioneerCold.com,"Springfield, MA",Warehouse,
"Auto body shop in Worcester, MA",Franchi Brothers Auto Body,15087520401.0,https://franchibrothers.com/,,"Worcester, MA",Auto body shop,
"Auto body shop in Worcester, MA",Central Auto Body,15087989727.0,http://www.centralautobodyworcester.com/,mike@centralauto.us,"Worcester, MA",Auto body shop,
"Auto body shop in Worcester, MA",Extreme Auto Repair & Body Shop LLC,15087531428.0,https://www.extremeautoworcester.com/,"dd0a55ccb8124b9c9d938e3acf41f8aa@sentry.wixpress.com, c183baa23371454f99f417f6616b724d@sentry.wixpress.com, 605a7baede844d278b89dc95ae0a9123@sentry-next.wixpress.com","Worcester, MA",Auto body shop,
"Auto body shop in Worcester, MA",Siro Auto Body,15083732149.0,https://www.siroautobody.com/,siroautobody@gmail.com,"Worcester, MA",Auto body shop,
"Auto body shop in Worcester, MA","Advanced Auto Body, Inc.",15087923790.0,http://advanced.repair/,mail@advanced.repair,"Worcester, MA",Auto body shop,
"Auto body shop in Worcester, MA",Harris Auto Body Inc,15087997065.0,https://www.harriscollisioncenterinc.com/,alex@harriscollisioncenterinc.com,"Worcester, MA",Auto body shop,
"Auto body shop in Worcester, MA",E&C Auto Body,15087990014.0,https://worcesterautobody.com/,,"Worcester, MA",Auto body shop,
"Auto body shop in Worcester, MA",Thomas Waldron CARSTAR Auto Body,15087527728.0,https://www.carstar.com/locations/ma/worcester-15211/,"bobwaldron@macarstar.com, Andrew.Neldeberg@drivenbrands.com, pankaj.kushwah@imagemakers-inc.com","Worcester, MA",Auto body shop,
"Auto repair shop in Worcester, MA",Premier Auto Repair,15086259218.0,https://mypremierrepair.com/?utm_campaign=gmb,,"Worcester, MA",Auto repair shop,
"Auto repair shop in Worcester, MA",Phil's Auto Repair,15087982172.0,https://philsautorepairs.com/,,"Worcester, MA",Auto repair shop,
"Auto repair shop in Worcester, MA",Linder's Auto Repair,15087134157.0,https://lindersautorepair.com/,,"Worcester, MA",Auto repair shop,
"Auto repair shop in Worcester, MA",Star-Tech Auto Repair,15087922233.0,,,"Worcester, MA",Auto repair shop,
"Auto repair shop in Worcester, MA",McFee Auto Center,15088525760.0,https://www.mcfeeautocenter.com/en,,"Worcester, MA",Auto repair shop,
"Auto repair shop in Worcester, MA",East Side Auto Repair,15087989100.0,http://www.frankseastsideauto.com/,esa235@aol.com,"Worcester, MA",Auto repair shop,
"Auto repair shop in Worcester, MA",Moran & Son Auto Repair Inc,15087520879.0,https://www.moranandsonsautorepair.com/,"bbbmoran@aol.com, your@email.com","Worcester, MA",Auto repair shop,
"Auto repair shop in Worcester, MA",Greasy's Garage,15087547327.0,http://www.greasysgarage.com/,shop@greasysgarage.com,"Worcester, MA",Auto repair shop,
"Warehouse in Worcester, MA",T.J. Maxx Distribution Center,15083901000.0,http://www.tjx.com/,,"Worcester, MA",Warehouse,
"Warehouse in Worcester, MA",Amazon Fulfillment Center DTB2,,,,"Worcester, MA",Warehouse,
"Warehouse in Worcester, MA",Amazon,,,,"Worcester, MA",Warehouse,
"Warehouse in Worcester, MA",Polar Beverages,,,,"Worcester, MA",Warehouse,
"Warehouse in Worcester, MA",Sam's Club Fulfillment Center,,,,"Worcester, MA",Warehouse,
"Warehouse in Worcester, MA",Regency Warehouse District Inc,15085203595.0,,,"Worcester, MA",Warehouse,
"Warehouse in Worcester, MA",A & D Cold Storage,15087544426.0,http://www.adcold.com/,sales@adcold.com,"Worcester, MA",Warehouse,
"Warehouse in Worcester, MA",Polar beverages,,,,"Worcester, MA",Warehouse,
"Auto repair shop in Springfield, MA",Gary's Auto Repair and More,14137823777.0,,,"Springfield, MA",Auto repair shop,"1800 Allen St, Springfield, MA 01118"
"Auto repair shop in Springfield, MA",Jimmys Auto Service,14133065023.0,http://www.jimmysautoservice1.com/,,"Springfield, MA",Auto repair shop,"199 Laconia St, Springfield, MA 01129"
"Warehouse in Springfield, MA",Surplus Warehouse,14137828664.0,https://www.bartonshome.com/store-locator,,"Springfield, MA",Warehouse,"685 Boston Rd, Springfield, MA 01119"
"Warehouse in Springfield, MA",Sulco Warehouse,14137828664.0,https://www.bartonshome.com/store-locator,,"Springfield, MA",Warehouse,"685 Boston Rd, Springfield, MA 01119"
"Warehouse in Worcester, MA",T.J. Maxx Distribution Center,+15083901000,http://www.tjx.com/,N/A,"Worcester, MA",Warehouse,"135 Goddard Memorial Dr, Worcester, MA 01603"
"Warehouse in Worcester, MA",Amazon Fulfillment Center DTB2,N/A,N/A,N/A,"Worcester, MA",Warehouse,"125 Goddard Memorial Dr, Worcester, MA 01603"
"Warehouse in Worcester, MA",Amazon,N/A,N/A,N/A,"Worcester, MA",Warehouse,"7 Neponset St, Worcester, MA 01606"
"Warehouse in Worcester, MA",Polar Beverages,N/A,N/A,N/A,"Worcester, MA",Warehouse,"53 Millbrook St, Worcester, MA 01606"
"Warehouse in Worcester, MA",A & D Cold Storage,+15087544426,http://www.adcold.com/,N/A,"Worcester, MA",Warehouse,"512 Southbridge St, Worcester, MA 01610"
"Warehouse in Worcester, MA",Polar beverages,N/A,N/A,N/A,"Worcester, MA",Warehouse,"111 Higgins St, Worcester, MA 01606"
